{"cameraMode":{"drawMode":0,"name":"Shaded","section":"Shading Mode"},"sceneLighting":true,"audioPlay":false,"sceneViewState":{"m_AlwaysRefresh":false,"showFog":true,"showSkybox":true,"showFlares":true,"showImageEffects":true,"showParticleSystems":true,"showVisualEffectGraphs":true,"m_FxEnabled":true},"in2DMode":false,"pivot":{"x":1.7522491216659547,"y":1.3968676328659058,"z":0.3509449064731598},"rotation":{"x":-0.09850899875164032,"y":0.8884956240653992,"z":-0.22621704638004304,"w":-0.3869067132472992},"size":2.4073948860168459,"orthographic":false}